{"cameraMode":{"drawMode":0,"name":"Shaded","section":"Shading Mode"},"sceneLighting":true,"audioPlay":false,"sceneViewState":{"showFog":true,"showMaterialUpdate":false,"showSkybox":true,"showFlares":true,"showImageEffects":true,"showParticleSystems":true},"in2DMode":false,"pivot":{"x":-9.645692825317383,"y":-7.1688408851623539,"z":-1.3497401475906373},"rotation":{"x":0.21467198431491853,"y":-0.6976742744445801,"z":0.2331448197364807,"w":0.6425384283065796},"size":15.70870590209961,"orthographic":false}